flu vaccine injection,Iodine,Docosahexaenoic acid,Glycine,b12 injection,Seasonique,Selenium,Eicosapentaenoic acid,occular migraine meds,No red meat,Coenzyme q-10,Iron,foot brace,exercise - dancing,Gravol,Vitamin b complex,row
,,,,,,,,,,,,,,,,flu vaccine injection
,,,,,,,,,,,,,,,,Iodine
,,,,,,,,,,,,,,,,Docosahexaenoic acid
,,,,,,,,,,,,,,,,Glycine
,,,,,,,,,,,,,,,,b12 injection
,,,,,,,,,,,,,,,,Seasonique
,,,,,,,,,,,,,,,,Selenium
,,,,,,,,,,,,,,,,Eicosapentaenoic acid
,,,,,,,,,,,,,,,,occular migraine meds
,,,,,,,,,,,,,,,,No red meat
,,,,,,,,,,,,,,,,Coenzyme q-10
,,,,,,,,,,,,,,,,Iron
,,,,,,,,,,,,,,,,foot brace
,,,,,,,,,,,,,,,,exercise - dancing
,,,,,,,,,,,,,,,,Gravol
,,,,,,,,,,,,,,,,Vitamin b complex
