Albuterol,Benadryl,Flexeril,Cetirizine,Mt. Si ACDC 2x Coco Caps,Cefaly Unit,Weighted Blanket,Zyrtec,Vitamin C,Vitamin,Calcium citrate,Ranitidine,Albuterol Inhaler,Vitamin d,Tetralabs Gold Caps,Turmeric,Esopram,Tetralabs Gold Caps CBN,row
,,,,,,,,,,,,,,,,,,Albuterol
,,,,,,,,,,,,,,,,,,Benadryl
,,,,,,,,,,,,,,,,,,Flexeril
,,,,,,,,,,,,,,,,,,Cetirizine
,,,,,,,,,,,,,,,,,,Mt. Si ACDC 2x Coco Caps
,,,,,,,,,,,,,,,,,,Cefaly Unit
,,,,,,,,,,,,,,,,,,Weighted Blanket
,,,,,,,,,,,,,,,,,,Zyrtec
,,,,,,,,,,,,,,,,,,Vitamin C
,,,,,,,,,,,,,,,,,,Vitamin
,,,,,,,,,,,,,,,,,,Calcium citrate
,,,,,,,,,,,,,,,,,,Ranitidine
,,,,,,,,,,,,,,,,,,Albuterol Inhaler
,,,,,,,,,,,,,,,,,,Vitamin d
,,,,,,,,,,,,,,,,,,Tetralabs Gold Caps
,,,,,,,,,,,,,,,,,,Turmeric
,,,,,,,,,,,,,,,,,,Esopram
,,,,,,,,,,,,,,,,,,Tetralabs Gold Caps CBN
